{"xy_sens": 8.1, "targeting_sens": 33.1, "xy_scale": 1.234567901234568, "targeting_scale": 3.729812390436761}